"drug_id","spec","qty","rule_key","pre_tc","note"
(捷苏)复方氨基酸注射液18AA-VⅡ型,"200ml:20.650g(总氨基酸)",30,复方氨基酸注射液(18AA-Ⅶ),,
"0.9%氯化钠注射液","100ml:0.9g直立式聚丙烯输液袋(双阀)",120,氯化钠注射液,,
"0.9%氯化钠注射液","250ml:2.25g直立式聚丙烯输液袋(双阀)",40,氯化钠注射液,,
"0.9%氯化钠注射液","500ml:4.5g直立式聚丙烯输液袋(双阀)",30,氯化钠注射液,,
"10%葡萄糖注射液","500ml:50g直立式聚丙烯输液袋装（双阀）",30,葡萄糖注射液,,
"5%葡萄糖注射液","250ml:12.5g直立式聚丙烯输液袋(双阀)",40,葡萄糖注射液,,
"5%葡萄糖注射液","500ml:25g直立式聚丙烯输液袋(双阀)",30,葡萄糖注射液,,
"50%葡萄糖注射液（塑料）","20ml:10g",50,葡萄糖注射液,,
丁苯酞软胶囊,"0.1g*24粒",24,丁苯酞软胶囊（恩必普）,,
丁苯酞软胶囊（恩必普）,"0.1g*24粒",24,丁苯酞软胶囊,,
丙戊酸钠注射用浓溶液,"5ml:0.5g*10支",10,丙戊酸钠注射用浓溶液,,
丙戊酸钠缓释片(II),"0.2g*30片",30,丙戊酸钠缓释片(II),,
丙戊酸钠缓释片(Ⅰ),"0.5g*30片",30,丙戊酸钠缓释片(Ⅰ),,
丙泊酚中/长链脂肪乳注射液,"20ml：0.2g*4支",4,丙泊酚中/长链脂肪乳注射液,,
中/长链脂肪乳注射液(C8-24Ve),"250ml:25g(大豆油)与中链甘油三酸酯25g",30,中/长链脂肪乳注射液(C8~24Ve),,
二羟丙茶碱注射液,"2ml:0.25g*10支",10,二羟丙茶碱注射液,,
云南白药胶囊,"0.25g*32粒",32,云南白药胶囊,,
人粒细胞刺激因子注射液,"150ug/0.6ml/支*10支/盒",10,人粒细胞刺激因子注射液,,
依托咪酯乳状注射液,"10ml：20mg*5支",5,依托咪酯乳状注射液,,
依折麦布片,"10mg*20片",20,依折麦布片,,
依诺肝素钠注射液,"0.6ml：6000AXaIU/10支/盒",10,依诺肝素钠注射液,,
克林霉素磷酸酯注射液,"4ml:0.6g",5,克林霉素磷酸酯注射液,,
养血清脑颗粒,"4g*15袋",15,养血清脑颗粒,,
冻干人用狂犬疫苗(Vero细胞),"0.5ml/支",5,,,
利伐沙班片,"10mg*30片",30,利伐沙班片,,
利伐沙班片,"15mg*30片",30,利伐沙班片,,
刺五加注射液,"20ml*3支",3,刺五加注射液,,
加巴喷丁胶囊,"0.3g*2*12粒/板/盒",24,加巴喷丁胶囊（迭力）,,
加巴喷丁胶囊（迭力）,"0.3g*2*12粒/板/盒",24,加巴喷丁胶囊,,
华法林钠片,"2.5mg*60片",60,华法林钠片,,
单硝酸异山梨酯缓释片,"30mg*24片",24,单硝酸异山梨酯缓释片,,
卡培他滨片,"0.5g*12片",12,卡培他滨片,,
卡托普利片,"25mg*84片",84,卡托普利片,,
卡马西平片,"0.1g*100片",100,卡马西平片,,
厄贝沙坦氢氯噻嗪片,"150mg/12.5mg*7片",7,厄贝沙坦氢氯噻嗪片,,
厄贝沙坦氢氯噻嗪片,"150mg:12.5mg*28片",28,厄贝沙坦氢氯噻嗪片,,
厄贝沙坦片,"0.15g*12片",12,厄贝沙坦片（伊达力）,,
厄贝沙坦片（伊达力）,"0.15g*12片",12,厄贝沙坦片,,
去乙酰毛花苷注射液,"0.4mg*2ml*2支",2,去乙酰毛花苷注射液,,
参附注射液,"10ml",5,参附注射液,,
右佐匹克隆片,"3mg*7片",7,右佐匹克隆片,,
右旋糖酐铁注射液,"2ml:50mg",5,右旋糖酐铁注射液,,
右酮洛芬氨丁三醇注射液,"2ml:50mg*6支",6,右酮洛芬氨丁三醇注射液,,
吲哚布芬片,"0.2g*7片",7,吲哚布芬片,,
吸入用乙酰半胱氨酸溶液,"3ml:0.3g*5支",5,吸入用乙酰半胱氨酸溶液,,
吸入用复方异丙托溴铵溶液,"2.5ml:0.5mg:2.5mg*10支",10,吸入用复方异丙托溴铵溶液,,
吸入用布地奈德混悬液,"2ml:1mg*30支/盒",30,吸入用布地奈德混悬液,,
吸入用硫酸沙丁胺醇溶液,"2.5ml:5mg*10支",10,吸入用硫酸沙丁胺醇溶液,,
呋塞米注射液,"2ml：20mg*10支/盒",10,呋塞米注射液,,
呋塞米片,"20mg*100片",100,呋塞米片,,
咖啡酸片,"0.1g*36片",36,咖啡酸片,,
咪达唑仑注射液,"10mg*2ml",5,咪达唑仑注射液,,
咳特灵胶囊,"30粒/盒,1粒含小叶榕干浸膏360mg,马来酸氯苯那敏1.4mg",30,咳特灵胶囊,,
喜炎平注射液,"50mg*2ml",6,喜炎平注射液,,
地塞米松磷酸钠注射液,"5mg*1ml*10支",10,地塞米松磷酸钠注射液,,
地奥司明片,"0.45g*48片",48,地奥司明片,,
地西泮注射液,"10mg*2ml*10支",10,地西泮注射液,,
地西泮片,"2.5mg*100片",100,地西泮片(安定片),,
地西泮片(安定片),"2.5mg*100片",100,地西泮片,,
地高辛片,"0.25mg*30片",30,地高辛片,,
坎地沙坦酯片,"4mg*60片",60,坎地沙坦酯片,,
垂体后叶注射液,"1ml:6单位*10支",10,垂体后叶注射液,,
塞来昔布胶囊,"0.2g*30粒",30,塞来昔布胶囊,,
复合维生素B片,"100片",100,复合维生素B片,,
复方α-酮酸片,"0.63g*100片",100,复方α-酮酸片,,
复方丹参片,"60片/瓶",60,复方丹参片,,
复方倍他米松注射液,"1ml:5mg:2mg",10,复方倍他米松注射液,,
复方氨基酸注射液(18AA),"250ml:12.5g(总氨基酸)",30,复方氨基酸注射液(18AA),,
复方氨基酸注射液3AA,"250ml*10.65g",30,复方氨基酸注射液(3AA),,
复方氨林巴比妥注射液（安痛定）,"2ml:0.1g*10支/盒",10,复方氨林巴比妥注射液,,
复方氨酚烷胺片,"10片",10,复方氨酚烷胺片,,
复方氯化钠注射液(林格),"500ml直立式聚丙烯输液袋装",30,复方氯化钠注射液,,
复方甲氧那明胶囊,"48片/盒",48,复方甲氧那明胶囊,,
复方磺胺甲噁唑片,"100片/瓶（0.4g：80mg）",100,复方磺胺甲噁唑片,,
复方胃蛋白酶颗粒,"10g*18袋",18,复方胃蛋白酶颗粒,,
复方黄连素片,"100片",100,复方黄连素片,,
多潘立酮片,"10mg*30片",30,多潘立酮片,,
天麻素注射液,"2ml:0.2g*10支",10,天麻素注射液,,
头孢丙烯片,"0.25g*12片",12,头孢丙烯片,,
奥氮平片,"10mg*14片",14,奥氮平片,,
奥硝唑注射液,"3ml:0.5g*5支",5,奥硝唑注射液,,
奥美拉唑肠溶胶囊,"20mg*14粒",14,奥美拉唑肠溶胶囊,,
奥美拉唑肠溶胶囊,"20mg*28粒",28,奥美拉唑肠溶胶囊,,
奥美沙坦酯片,"20mg*28片",28,奥美沙坦酯片,,
孟鲁司特钠片,"10mg*10片",10,孟鲁司特钠片,,
富马酸喹硫平片,"0.1g*20片",20,富马酸喹硫平片,,
富马酸福莫特罗吸入溶液,"2ml:20ug支/袋*4袋/盒",4,富马酸福莫特罗吸入溶液,,
富马酸酮替芬片,"1mg*60片",60,富马酸酮替芬片,,
对乙酰氨基酚片,"0.5g*20片",20,对乙酰氨基酚片,,
对乙酰氨基酚片,"0.5g*30片",30,对乙酰氨基酚片,,
尼可刹米注射液,"1.5ml:0.375g×10支",10,尼可刹米注射液,,
尼可地尔片,"5mg*24片",24,尼可地尔片,,
尼莫地平片,"20mg*50片",50,尼莫地平片,,
尿毒清颗粒(无糖型),"5g*18袋",18,尿毒清颗粒(无糖型),,
尿素[13C]呼气试验诊断试剂盒,"5g：[13C]75mg/瓶*20人份/盒",20,尿素[13C]呼气试验诊断试剂盒,,
左卡尼汀注射液,"5ml:2g*5支",5,左卡尼汀注射液,,
左氧氟沙星氯化钠注射液,"100ml:0.5g:0.9g",100,左氧氟沙星氯化钠注射液,,
左氧氟沙星片,"0.5g*7片",7,左氧氟沙星片,,
左甲状腺素钠片,"50ug*100片",100,左甲状腺素钠片(优甲乐),,
左甲状腺素钠片(优甲乐),"50ug*100片",100,左甲状腺素钠片,,
布洛芬缓释胶囊,"0.3g*24粒/盒",24,布洛芬缓释胶囊,,
帕立骨化醇注射液,"1ml:5μg",5,帕立骨化醇注射液,,
开塞露,"20ml",20,开塞露,,
开塞露(含甘油),"20ml",20,开塞露(含甘油),,
恩格列净片,"10mg*10片",10,恩格列净片,,
感冒清片,"0.22g*100片",100,感冒清片,,
拉莫三嗪片,"25mg*48片",48,拉莫三嗪片,,
普瑞巴林胶囊,"75mg*20粒",20,普瑞巴林胶囊,,
替米沙坦片,"40mg*28片",28,替米沙坦片,,
枸橼酸喷托维林片,"25mg*100片",100,枸橼酸喷托维林片,,
枸橼酸坦度螺酮片,"10mg*63片",63,枸橼酸坦度螺酮片,,
柴胡注射液,"2ml*10支",10,柴胡注射液,,
格列美脲片,"2mg*60片",60,格列美脲片,,
格列齐特缓释片,"30mg*60片",60,格列齐特缓释片,,
桉柠蒎肠溶胶囊,"0.12g*18粒",18,桉柠蒎肠溶胶囊（儿童）,,
桉柠蒎肠溶胶囊,"0.3g*18粒",18,桉柠蒎肠溶胶囊（成人）,,
桉柠蒎肠溶胶囊（儿童）,"0.12g*18粒",18,桉柠蒎肠溶胶囊,,
桉柠蒎肠溶胶囊（成人）,"0.3g*18粒",18,桉柠蒎肠溶胶囊,,
氟康唑片,"50mg*30片",30,氟康唑片,,
氢氯噻嗪片,"25mg*100片",100,氢氯噻嗪片(双克),,
氢溴酸山莨菪碱注射液,"1ml：10mg（2支/盒）",2,氢溴酸山莨菪碱注射液,,
氨甲环酸注射液,"5ml：0.25g*5支",5,氨甲环酸注射液,,
氨茶碱注射液,"10ml:0.25g*5支",5,氨茶碱注射液,,
氨酚曲马多片,"37.5mg盐酸曲马多，325mg对乙酰氨基酚*12片",12,氨酚曲马多片,,
氯化钾注射液,"10ml:1.5g*50支",50,氯化钾注射液,,
氯化钾缓释片,"0.5g*24片",24,氯化钾缓释片,,
氯硝西泮片,"2mg*100片",100,氯硝西泮片,,
氯膦酸二钠注射液,"5ml:0.3g",5,氯膦酸二钠注射液（老）,,
氯膦酸二钠注射液,"5ml:0.3g*5支",5,氯膦酸二钠注射液（多）,,
氯雷他定片,"10mg*10片",10,氯雷他定片,,
水飞蓟宾胶囊,"35mg*30粒",30,水飞蓟宾胶囊,,
沙库巴曲缬沙坦钠片,"100mg*14片/盒",14,沙库巴曲缬沙坦钠片,,
注射用七叶皂苷钠,"10mg",10,注射用七叶皂苷钠,,
注射用丹参多酚酸盐,"50mg（2瓶/盒）",2,注射用丹参多酚酸盐,,
注射用促肝细胞生长素,"20mg",5,注射用促肝细胞生长素,,
注射用哌拉西林钠他唑巴坦钠,"2.25g*10瓶/盒",10,注射用哌拉西林钠他唑巴坦钠,,
注射用复方甘草酸苷,含甘草酸苷80mg 5支/盒,5,注射用复方甘草酸苷,,
注射用多种维生素(12),"5ml",10,注射用多种维生素(12),,
注射用头孢他啶,"1g",10,注射用头孢他啶,,
注射用头孢呋辛钠,"0.75g",10,注射用头孢呋辛钠,,
注射用头孢呋辛钠/氯化钠注射液,头孢呋辛1.5g，氯化钠100ml∶0.9g,10,注射用头孢呋辛钠/氯化钠注射液,,
注射用头孢唑林钠,"0.5g/10瓶",10,注射用头孢唑林钠,,
注射用头孢曲松钠,"1g",10,注射用头孢曲松钠,,
注射用头孢曲松钠/氯化钠注射液,头孢曲松1.0g，氯化钠注射液 100ml:0.9g,10,注射用头孢曲松钠/氯化钠注射液,,
注射用头孢西丁钠/葡萄糖注射液,"1g:50ml:2.5g*10袋",10,注射用头孢西丁钠/葡萄糖注射液,,
注射用奥美拉唑钠,"40mg（10瓶/盒）",10,注射用奥美拉唑钠,,
注射用尿激酶,"10万单位",10,注射用尿激酶,,
注射用更昔洛韦,"0.25g*10瓶",10,注射用更昔洛韦,,
注射用氢化可的松琥珀酸钠,"0.1g*5支",5,注射用氢化可的松琥珀酸钠,,
注射用氢化可的松琥珀酸钠,"50mg*5支",5,注射用氢化可的松琥珀酸钠,,
注射用泮托拉唑钠,"40mg（10瓶/盒）",10,注射用泮托拉唑钠,,
注射用炎琥宁,"200mg*10支",10,注射用炎琥宁,,
注射用炎琥宁,"80mg",10,注射用炎琥宁（现用）,,
注射用生长抑素,"3mg*5支/盒",5,注射用生长抑素,,
注射用甲泼尼龙琥珀酸钠,"40mg*25支",25,注射用甲泼尼龙琥珀酸钠,,
注射用甲磺酸萘莫司他,"50mg",10,注射用甲磺酸萘莫司他,,
注射用矛头蝮蛇血凝酶,"1单位*5支(国产)",5,注射用矛头蝮蛇血凝酶,,
注射用硝普钠,"50mg",5,注射用硝普钠,,
注射用美罗培南,"0.5g",10,注射用美罗培南,,
注射用苯巴比妥钠,"0.1g*10支",10,注射用苯巴比妥钠,,
注射用血栓通(冻干),"150mg",10,注射用血栓通(冻干),,
注射用谷胱甘肽,"0.6g*10支",10,注射用谷胱甘肽,,
注射用重组人尿激酶原,"5mg(50万IU)",10,注射用重组人尿激酶原,,
注射用阿莫西林钠克拉维酸钾,"1.2g",10,注射用阿莫西林钠克拉维酸钾,,
泮托拉唑钠肠溶片,"40mg*28片",28,泮托拉唑钠肠溶片,,
洛索洛芬钠片,"60mg*20片",20,洛索洛芬钠片,,
洛芬待因缓释片,"0.2g:13mg*20片",20,洛芬待因缓释片,,
活血止痛胶囊,"0.25g*60粒",60,活血止痛胶囊,,
浓氯化钠注射液,"10ml*1g*5支",5,浓氯化钠注射液,,
消旋山莨菪碱片,"5mg*100片",100,消旋山莨菪碱片,,
消炎利胆片,"0.25g*100片",100,消炎利胆片,,
灭菌注射用水(大),"500ml(塑料)",30,灭菌注射用水,,
灭菌注射用水（大）,"500ml（扭断式）",30,灭菌注射用水,,
灭菌注射用水（小）,"5ml*50支",50,灭菌注射用水,,
熊去氧胆酸胶囊,"250mg*24粒/盒",24,熊去氧胆酸胶囊,,
环磷酰胺片,"50mg*14片",14,环磷酰胺片,,
琥珀酸索利那新片,"5mg*7片*2板",14,琥珀酸索利那新片,,
琥珀酸美托洛尔缓释片,"47.5mg*28片",28,琥珀酸美托洛尔缓释片,,
瑞格列奈片,"1mg*30片",30,瑞格列奈片,,
瑞舒伐他汀钙片,"10mg*14片",14,瑞舒伐他汀钙片,,
甘露醇注射液,"50g*250ml直立式聚丙烯输液袋",40,甘露醇注射液,,
生脉注射液,"20ml*3支",3,生脉注射液,,
甲巯咪唑片,"10mg*50片",50,甲巯咪唑片（赛治）,,
甲巯咪唑片（赛治）,"10mg*50片",50,甲巯咪唑片,,
甲氧氯普胺片,"5mg*100片",100,甲氧氯普胺片,,
甲硝唑片,"0.2g*100片",100,甲硝唑片,,
甲硝唑片,"0.2g*100片/瓶",100,甲硝唑片,,
甲硫酸新斯的明注射液,"1ml:0.5mg*10支",10,甲硫酸新斯的明注射液,,
甲硫酸新斯的明注射液,"1ml:0.5mg*5支",5,甲硫酸新斯的明注射液,,
甲磺酸倍他司汀片,"6mg*100片",100,甲磺酸倍他司汀片,,
甲磺酸雷沙吉兰片,"1mg*28片",28,甲磺酸雷沙吉兰片,,
甲钴胺片,"0.5mg*60T",60,甲钴胺片（亚宝力维）,,
甲钴胺片（亚宝力维）,"0.5mg*60T",60,甲钴胺片,,
疏风解毒胶囊,"0.52g*36粒",36,疏风解毒胶囊,,
盐酸乌拉地尔注射液,"5ml:25mg",5,盐酸乌拉地尔注射液,,
盐酸乐卡地平片,"10mg*14片",14,盐酸乐卡地平片,,
盐酸二甲双胍缓释片,"0.5g*30片",30,盐酸二甲双胍缓释片,,
盐酸伊伐布雷定片,"5mg*14片",14,盐酸伊伐布雷定片,,
盐酸倍他司汀注射液,"2ml:10mg*10支/盒",10,盐酸倍他司汀注射液,,
盐酸克林霉素棕榈酸酯分散片,"75mg*18片",18,盐酸克林霉素棕榈酸酯分散片,,
盐酸利多卡因注射液,"5ml:0.1g*5支",5,盐酸利多卡因注射液,,
盐酸右美托咪定氯化钠注射液,"20ml:0.08mg:0.18g",5,盐酸右美托咪定氯化钠注射液,,
盐酸右美托咪定注射液,"2ml:0.2mg*5支",5,盐酸右美托咪定注射液,,
盐酸吗啡注射液,"10mg*1ml*10支",10,盐酸吗啡注射液,,
盐酸哌替啶注射液,"50mg*1ml",5,盐酸哌替啶注射液,,
盐酸坦索罗辛缓释胶囊,"0.2mg*21粒",21,盐酸坦索罗辛缓释胶囊,,
盐酸多奈哌齐片,"5mg*14片",14,盐酸多奈哌齐片,,
盐酸多巴胺注射液,"2.5ml:50mg*5支",5,盐酸多巴胺注射液,,
盐酸多巴酚丁胺注射液,"5ml:100mg",5,盐酸多巴酚丁胺注射液,,
盐酸左西替利嗪口服溶液,"0.05%（10ml：5mg）*6支/盒",6,盐酸左西替利嗪口服溶液,,
盐酸帕罗西汀片,"20mg*30片",30,盐酸帕罗西汀片,,
盐酸异丙嗪注射液,"2ml:50mg*10支",10,盐酸异丙嗪注射液,,
盐酸异丙肾上腺素注射液,"1mg*2ml*2支",2,盐酸异丙肾上腺素注射液,,
盐酸文拉法辛缓释片,"75mg*14片",14,盐酸文拉法辛缓释片,,
盐酸普奈洛尔片,"10mg*100片",100,盐酸普萘洛尔片,,
盐酸普拉克索片,"0.25mg*60片",60,盐酸普拉克索片,,
盐酸普罗帕酮注射液,"10ml:35mg*5支/盒",5,盐酸普罗帕酮注射液,,
盐酸普萘洛尔片,"10mg*100片",100,盐酸普萘洛尔片,,
盐酸曲美他嗪片,"20mg*60片",60,盐酸曲美他嗪片,,
盐酸曲马多注射液,"0.1g*2ml*5支",5,盐酸曲马多注射液,,
盐酸替扎尼定片,"2mg*24片",24,盐酸替扎尼定片,,
盐酸氟桂利嗪胶囊,"5mg*40粒",40,盐酸氟桂利嗪胶囊,,
盐酸氨基葡萄糖胶囊,"0.75g*60粒",60,盐酸氨基葡萄糖胶囊,,
盐酸氨溴索注射液,"2ml:15mg*5支",5,盐酸氨溴索注射液,,
盐酸氨溴索片,"30mg*20片",20,盐酸氨溴索片,,
盐酸氯丙嗪注射液,"1ml:25mg*10支",10,盐酸氯丙嗪注射液,,
盐酸消旋山莨菪碱注射液,"10mg*1ml*10支",10,盐酸消旋山莨菪碱注射液,,
盐酸特拉唑嗪片,"2mg*28片",28,盐酸特拉唑嗪片,,
盐酸甲氧氯普胺注射液,"10mg*1ml*10支",10,盐酸甲氧氯普胺注射液,,
盐酸纳洛酮注射液,"1ml:0.4mg*10支",10,盐酸纳洛酮注射液,,
盐酸罂粟碱注射液,"1ml:30mg",10,盐酸罂粟碱注射液,,
盐酸罗哌卡因注射液,"10ml：100mg*10支",10,盐酸罗哌卡因注射液,,
盐酸肾上腺素注射液,"1ml:1mg*10支",10,盐酸肾上腺素注射液,,
盐酸胺碘酮注射液,"3ml:150mg*10支",10,盐酸胺碘酮注射液,,
盐酸胺碘酮片,"0.2g*10片",10,盐酸胺碘酮片,,
盐酸胺碘酮片,"0.2g*24片",24,盐酸胺碘酮片,,
盐酸舍曲林片,"50mg*28片",28,盐酸舍曲林片,,
盐酸苯海拉明注射液,"20mg*1ml*10支",10,盐酸苯海拉明注射液,,
盐酸苯海索片,"2mg*100片",100,盐酸苯海索片（安坦）,,
盐酸苯海索片（安坦）,"2mg*100片",100,盐酸苯海索片,,
盐酸莫西沙星氯化钠注射液,"250ml：0.4g:2g",40,盐酸莫西沙星氯化钠注射液,,
盐酸西那卡塞片,"25mg*24片",24,盐酸西那卡塞片,,
盐酸贝那普利片,"10mg*28片",28,盐酸贝那普利片,,
盐酸金刚烷胺片,"0.1g*100片",100,盐酸金刚烷胺片,,
盐酸阿米替林片,"25mg*100片",100,盐酸阿米替林片,,
盐酸麻黄碱注射液,"30mg*1ml*10支",10,盐酸麻黄碱注射液,,
破伤风抗毒素,"1500IU*0.75ml*10支",10,破伤风抗毒素,,
破伤风抗毒素,"1500IU*0.75ml/支",10,破伤风抗毒素（新药房）,,
硝苯地平控释片,"30mg*7片*3板",21,硝苯地平控释片,,
硝苯地平片,"10mg*100片",100,硝苯地平片,,
硝苯地平缓释片(Ⅱ),"20mg*60片",60,硝苯地平缓释片（II）,,
硝苯地平缓释片（II）,"20mg*60片",60,硝苯地平缓释片(Ⅱ),,
硝酸甘油注射液,"5mg*1ml*10支",10,硝酸甘油注射液,,
硝酸甘油片,"0.5mg*36 片*3瓶",108,硝酸甘油片,,
硫糖铝咀嚼片,"0.25g*100片",100,硫糖铝咀嚼片,,
硫糖铝混悬凝胶,"5ml:1g*18袋",18,硫糖铝混悬凝胶,,
硫酸吗啡缓释片,"30mg*10片",10,硫酸吗啡缓释片(美施康定),,
硫酸吗啡缓释片(美施康定),"30mg*10片",10,硫酸吗啡缓释片,,
硫酸庆大霉素注射液,"2ml:8万单位*10支",10,硫酸庆大霉素注射液,,
硫酸庆大霉素片,"40mg*100片",100,硫酸庆大霉素片,,
硫酸氢氯吡格雷片,"75mg*14片",14,硫酸氢氯吡格雷片,,
硫酸氢氯吡格雷片,"75mg*28片",28,硫酸氢氯吡格雷片,,
硫酸沙丁胺醇片,"2mg*100片",100,硫酸沙丁胺醇片,,
硫酸镁注射液,"2ml:1g*10支",10,硫酸镁注射液,,
硫酸阿托品注射液,"1ml:0.5mg*10支",10,硫酸阿托品注射液,,
碳酸氢钠注射液,"10ml:0.5g*5支",5,碳酸氢钠注射液,,
碳酸氢钠片,"0.5g*100片",100,碳酸氢钠片,,
磷酸可待因片,"30mg*20片",20,磷酸可待因片,,
磷酸奥司他韦胶囊,"75mg*10粒*1板/盒",10,磷酸奥司他韦胶囊,,
磷酸奥司他韦颗粒,"15mg*10袋",10,磷酸奥司他韦颗粒,,
磷酸西格列汀片,"100mg*36片",36,磷酸西格列汀片,,
秋水仙碱片,"0.5mg*20片",20,秋水仙碱片,,
维生素B12注射液,"1ml*0.5mg*10支",10,维生素B12注射液,,
维生素B1注射液,"2ml:0.1g*10支",10,维生素B1注射液,,
维生素B1片,"10mg*100片",100,维生素B1片,,
维生素B1片,"10mg:100片",100,维生素B1片,,
维生素B2片,"5mg*100片",100,维生素B2片,,
维生素B6注射液,"2ml；0.1g*10支/盒",10,维生素B6注射液,,
维生素B6片,"10mg*30片/板*3板/盒",90,维生素B6片,,
维生素C注射液,"0.5g*2ml*10支",10,维生素C注射液,,
维生素C片,"100mg*1000片",1000,维生素C片,,
维生素K1注射液,"1ml:10mg*10支",10,维生素K1注射液,,
缬沙坦氢氯噻嗪片,"80mg:12.5mg*14片",14,缬沙坦氢氯噻嗪片,,
缬沙坦氨氯地平片(Ⅰ),"80mg:5mg*28片",28,缬沙坦氨氯地平片(Ⅰ),,
缬沙坦胶囊,"80mg*30粒",30,缬沙坦胶囊,,
罗沙司他胶囊,"50mg*3粒",3,罗沙司他胶囊,,
聚乙二醇4000散,"10g*10袋",10,聚乙二醇4000散,,
肝素钠注射液,"2ml:1.25万单位*10支",10,肝素钠注射液,,
胆木浸膏糖浆,"10ml*6支",6,胆木浸膏糖浆,,
胞磷胆碱钠注射液,"2ml:0.25g*10支",10,胞磷胆碱钠注射液,,
胞磷胆碱钠片,"0.2g*12片",12,胞磷胆碱钠片,,
胞磷胆碱钠片,"0.2g*20片",20,胞磷胆碱钠片,,
至灵胶囊,"0.25g*90粒",90,至灵胶囊,,
艾托格列净片,"5mg*14片",14,艾托格列净片（捷诺妥）,,
艾托格列净片（捷诺妥）,"5mg*14片",14,艾托格列净片,,
苯巴比妥钠注射液,"0.1g*1ml*10支",10,苯巴比妥钠注射液,,
苯溴马隆片,"50mg*28片",28,苯溴马隆片,,
苯甲酸利扎曲普坦胶囊,"5mg*3粒",3,苯甲酸利扎曲普坦胶囊,,
苯磺酸左氨氯地平片,"2.5mg*28片",28,苯磺酸左氨氯地平片,,
苯磺酸氨氯地平片,"5mg*21片",21,苯磺酸氨氯地平片,,
苯磺酸氨氯地平片,"5mg*28片",28,苯磺酸氨氯地平片,,
苯磺酸氨氯地平片(络活喜),"5mg*7片",7,苯磺酸氨氯地平片,,
茶碱缓释片,"0.1g*15片",15,茶碱缓释片,,
葡萄糖氯化钠注射液,"500ml:25g:4.5g直立式聚丙烯输液袋装（双阀）",30,葡萄糖氯化钠注射液,,
葡萄糖氯化钠注射液,"500ml：25g：4.5g直立式聚丙烯输液袋装",30,葡萄糖氯化钠注射液,,
葡萄糖酸钙注射液,"1g*10ml*5支",5,葡萄糖酸钙注射液,,
蒙脱石散,"3g*15袋",15,蒙脱石散,,
蔗糖铁注射液,"5ml：100mg铁与1600mg蔗糖",5,蔗糖铁注射液,,
藿香正气口服液,"10ml*5支",5,藿香正气口服液,,
藿香正气口服液,"10ml*6支",6,藿香正气口服液,,
螺内酯片,"20mg*100片",1000,螺内酯片,,
血塞通注射液,"2ml:200mg*10支",10,血塞通注射液,,
西咪替丁注射液,"0.2g*2ml*10支",10,西咪替丁注射液,,
西咪替丁片,"0.2g*100片",100,西咪替丁片,,
谷维素片,"10mg*100片",100,谷维素片,,
赛洛多辛胶囊,"4mg*28粒",28,赛洛多辛胶囊,,
达格列净二甲双胍缓释片(Ⅰ),"10mg:1000mg*28片",28,达格列净二甲双胍缓释片(Ⅰ),,
达比加群酯胶囊,"110mg*30片",30,达比加群酯胶囊,,
酒石酸布托啡诺注射液,"1ml:1mg*5支",5,酒石酸布托啡诺注射液,,
酒石酸布托啡诺注射液,"2ml:4mg",5,酒石酸布托啡诺注射液,,
酒石酸美托洛尔片,"25mg*40片",40,酒石酸美托洛尔片,,
酚磺乙胺注射液,"2ml:0.5g*10支",10,酚磺乙胺注射液,,
醋酸地塞米松片,"0.75mg*100片",1000,醋酸地塞米松片,,
醋酸泼尼松片,"5mg*1000片",1000,醋酸泼尼松片,,
醋酸钙片,"0.667g*24片",24,醋酸钙片,,
重酒石酸去甲肾上腺素注射液,"1m:2mg*10支",10,重酒石酸去甲肾上腺素注射液,,
金蝉止痒胶囊,"0.5g*24粒",24,金蝉止痒胶囊,,
金银花口服液,"20ml*6支",6,金银花口服液,,
铝碳酸镁咀嚼片,"0.5g*30片",30,铝碳酸镁咀嚼片,,
铝碳酸镁咀嚼片,"0.5g*48片",48,铝碳酸镁咀嚼片,,
银杏内酯注射液,"2ml（含萜类内酯10mg）",10,银杏内酯注射液,,
间苯三酚注射液,"4ml:40mg(6支/盒)",6,间苯三酚注射液,,
阿仑膦酸钠片,"70mg*2片",2,阿仑膦酸钠片,,
阿卡波糖胶囊,"50mg*30粒",30,阿卡波糖胶囊(贝希),,
阿卡波糖胶囊(贝希),"50mg*30粒",30,阿卡波糖胶囊,,
阿司匹林肠溶片,"100mg*60片",60,阿司匹林肠溶片,,
阿司匹林肠溶片(拜阿司匹灵),"100mg*30片",30,阿司匹林肠溶片,,
阿戈美拉汀片,"25mg*14片",14,阿戈美拉汀片,,
阿托伐他汀钙片,"10mg*28片",28,阿托伐他汀钙片,,
阿托伐他汀钙片(立普妥),"20mg*7片",7,阿托伐他汀钙片,,
阿昔洛韦片,"0.1g*12片",12,阿昔洛韦片,,
阿普唑仑片,"0.4mg*20片/板/盒",20,阿普唑仑片,,
阿法骨化醇片,"0.25μg*30片",30,阿法骨化醇片,,
阿法骨化醇软胶囊,"0.25μg*40粒",40,阿法骨化醇软胶囊,,
阿莫西林克拉维酸钾干混悬剂,"0.2285g*16袋",16,阿莫西林克拉维酸钾干混悬剂,,
阿莫西林胶囊,"0.25g*30粒",30,阿莫西林胶囊,,
非布司他片,"40mg*28片",28,非布司他片,,
非洛地平缓释片,"5mg*14片/2板",28,非洛地平缓释片,,
非诺贝特片,"0.1g*40片",40,非诺贝特片,,
非诺贝特胶囊,"0.2g*10粒",10,非诺贝特胶囊,,
非那雄胺片,"5mg*10片",10,非那雄胺片,,
非那雄胺片,"5mg*30片",30,非那雄胺片,,
颠茄片,"10mg*100片",100,颠茄片,,
香丹注射液,"10ml*5支",5,香丹注射液,,
香丹注射液,"2ml*10支",10,香丹注射液,,
马来酸氯苯那敏注射液,"1ml：10mg*10支",10,马来酸氯苯那敏注射液,,
马来酸氯苯那敏片,"4mg*100片",100,马来酸氯苯那敏片,,
黄藤素分散片,"0.1g*36片",36,黄藤素分散片,,
