"id","drug_id","spec","qty","trace_code","remain","status","in_date","last_used"
1,盐酸氨基葡萄糖胶囊,"0.75g*60粒",60,"84368340095732222269",60,1,"2026-1-7 4:52","2026-1-7 15:21"
2,盐酸氨基葡萄糖胶囊,"0.75g*60粒",60,"84368340095732144132",60,1,"2026-1-7 4:52","2026-1-7 15:23"
3,盐酸氨基葡萄糖胶囊,"0.75g*60粒",60,"84368340095732308973",60,1,"2026-1-7 4:52","2026-1-7 15:23"
4,盐酸氨基葡萄糖胶囊,"0.75g*60粒",60,"84368340095732061413",60,1,"2026-1-7 4:52","2026-1-7 15:23"
5,盐酸氨基葡萄糖胶囊,"0.75g*60粒",60,"84368340095888198231",40,1,"2026-1-7 4:52","2026-1-7 17:26"
6,盐酸氨基葡萄糖胶囊,"0.75g*60粒",60,"84368340095888277576",60,1,"2026-1-7 4:52",
7,盐酸氨基葡萄糖胶囊,"0.75g*60粒",60,"84368340095888112732",60,1,"2026-1-7 4:52",
8,盐酸氨基葡萄糖胶囊,"0.75g*60粒",60,"84368340095731984128",60,1,"2026-1-7 4:52",
9,盐酸氨基葡萄糖胶囊,"0.75g*60粒",60,"84368340095888034209",60,1,"2026-1-7 4:52",
10,盐酸氨基葡萄糖胶囊,"0.75g*60粒",60,"84368340095732462950",60,1,"2026-1-7 4:52",
11,塞来昔布胶囊,"0.2g*30粒",30,"83748450917495040093",30,1,"2026-1-7 4:52","2026-1-7 15:23"
12,塞来昔布胶囊,"0.2g*30粒",30,"83748450917495945604",20,1,"2026-1-7 4:52","2026-1-7 17:26"
13,塞来昔布胶囊,"0.2g*30粒",30,"83748450917496124361",30,1,"2026-1-7 4:52",
14,塞来昔布胶囊,"0.2g*30粒",30,"83748450917496302284",30,1,"2026-1-7 4:52",
15,塞来昔布胶囊,"0.2g*30粒",30,"83748450917494868064",30,1,"2026-1-7 4:52",
16,塞来昔布胶囊,"0.2g*30粒",30,"83748450917495760214",30,1,"2026-1-7 4:52",
17,塞来昔布胶囊,"0.2g*30粒",30,"83748450917495225926",30,1,"2026-1-7 4:52",
18,塞来昔布胶囊,"0.2g*30粒",30,"83748450917495403737",30,1,"2026-1-7 4:52",
19,塞来昔布胶囊,"0.2g*30粒",30,"83748450917496484372",30,1,"2026-1-7 4:52",
20,塞来昔布胶囊,"0.2g*30粒",30,"83748450917493784690",30,1,"2026-1-7 4:52",
21,甲钴胺片,"0.5mg*60T",60,"83630600356601213382",60,1,"2026-1-7 4:53",
22,甲钴胺片,"0.5mg*60T",60,"83630600356601335301",60,1,"2026-1-7 4:53",
23,甲钴胺片,"0.5mg*60T",60,"83630600356601572576",60,1,"2026-1-7 4:53",
24,甲钴胺片,"0.5mg*60T",60,"83630600356601092337",60,1,"2026-1-7 4:53",
25,甲钴胺片,"0.5mg*60T",60,"83630600356601699257",60,1,"2026-1-7 4:53",
26,甲钴胺片,"0.5mg*60T",60,"83630600356601814032",60,1,"2026-1-7 4:53",
27,甲钴胺片,"0.5mg*60T",60,"83630600356601934687",60,1,"2026-1-7 4:53",
28,甲钴胺片,"0.5mg*60T",60,"83630600356602050872",60,1,"2026-1-7 4:53",
29,甲钴胺片,"0.5mg*60T",60,"83630600356602179477",60,1,"2026-1-7 4:53",
30,甲钴胺片,"0.5mg*60T",60,"83630600356600971669",60,1,"2026-1-7 4:53",
31,盐酸氟桂利嗪胶囊,"5mg*40粒",40,"82053080001841857322",40,1,"2026-1-7 4:54",
32,盐酸氟桂利嗪胶囊,"5mg*40粒",40,"82053080001841913008",40,1,"2026-1-7 4:54",
33,盐酸氟桂利嗪胶囊,"5mg*40粒",40,"82053080001841972413",40,1,"2026-1-7 4:54",
34,盐酸氟桂利嗪胶囊,"5mg*40粒",40,"82053080001841793561",40,1,"2026-1-7 4:54",
35,盐酸氟桂利嗪胶囊,"5mg*40粒",40,"82053080001842039060",40,1,"2026-1-7 4:54",
36,盐酸氟桂利嗪胶囊,"5mg*40粒",40,"82053080001842156330",40,1,"2026-1-7 4:54",
37,盐酸氟桂利嗪胶囊,"5mg*40粒",40,"82053080001842214161",40,1,"2026-1-7 4:54",
38,盐酸氟桂利嗪胶囊,"5mg*40粒",40,"82053080001842271881",40,1,"2026-1-7 4:54",
39,盐酸氟桂利嗪胶囊,"5mg*40粒",40,"82053080001842333829",40,1,"2026-1-7 4:54",
40,盐酸氟桂利嗪胶囊,"5mg*40粒",40,"82053080001842092136",40,1,"2026-1-7 4:54",
41,左氧氟沙星片,"0.5g*7片",7,"83817710147060022574",7,1,"2026-1-7 4:55",
42,左氧氟沙星片,"0.5g*7片",7,"83817710147059123978",7,1,"2026-1-7 4:55",
43,左氧氟沙星片,"0.5g*7片",7,"83817710147060924557",7,1,"2026-1-7 4:55",
44,左氧氟沙星片,"0.5g*7片",7,"83817710147061825742",7,1,"2026-1-7 4:55",
45,左氧氟沙星片,"0.5g*7片",7,"83817710147062722067",7,1,"2026-1-7 4:55",
46,左氧氟沙星片,"0.5g*7片",7,"87939770014403337242",7,1,"2026-1-7 4:55",
47,左氧氟沙星片,"0.5g*7片",7,"83817710147064523334",7,1,"2026-1-7 4:55",
48,左氧氟沙星片,"0.5g*7片",7,"83817710147065420713",7,1,"2026-1-7 4:55",
49,左氧氟沙星片,"0.5g*7片",7,"83817710147066324077",7,1,"2026-1-7 4:55",
50,左氧氟沙星片,"0.5g*7片",7,"83817710147063620071",7,1,"2026-1-7 4:55",
51,头孢丙烯片,"0.25g*12片",12,"83002860130599144455",12,1,"2026-1-7 4:56",
52,头孢丙烯片,"0.25g*12片",12,"83002860130599385208",12,1,"2026-1-7 4:56",
53,头孢丙烯片,"0.25g*12片",12,"83002860130598660830",12,1,"2026-1-7 4:56",
54,头孢丙烯片,"0.25g*12片",12,"83002860130599629013",12,1,"2026-1-7 4:56",
55,头孢丙烯片,"0.25g*12片",12,"83002860130598180356",12,1,"2026-1-7 4:56",
56,头孢丙烯片,"0.25g*12片",12,"83002860130598421441",12,1,"2026-1-7 4:56",
57,头孢丙烯片,"0.25g*12片",12,"83002860130599864101",12,1,"2026-1-7 4:56",
58,头孢丙烯片,"0.25g*12片",12,"83002860130600101667",12,1,"2026-1-7 4:56",
59,头孢丙烯片,"0.25g*12片",12,"83002860130597940183",12,1,"2026-1-7 4:56",
60,头孢丙烯片,"0.25g*12片",12,"83002860130597701323",12,1,"2026-1-7 4:56",
61,非那雄胺片,"5mg*30片",30,"84651270009303837514",30,1,"2026-1-7 4:57","2026-1-7 16:27"
62,非那雄胺片,"5mg*30片",30,"84651270009879475861",23,1,"2026-1-7 4:57","2026-1-7 16:35"
63,非那雄胺片,"5mg*30片",30,"84651270009139795491",30,1,"2026-1-7 4:57",
64,非那雄胺片,"5mg*30片",30,"84651270009864741319",30,1,"2026-1-7 4:57",
65,非那雄胺片,"5mg*30片",30,"84651270009139673027",30,1,"2026-1-7 4:57",
66,非那雄胺片,"5mg*30片",30,"84651270009866391787",30,1,"2026-1-7 4:57",
67,非那雄胺片,"5mg*30片",30,"84651270009879191022",30,1,"2026-1-7 4:57",
68,非那雄胺片,"5mg*30片",30,"84651270008716513617",30,1,"2026-1-7 4:57",
69,非那雄胺片,"5mg*30片",30,"84651270010388005068",30,1,"2026-1-7 4:57",
70,非那雄胺片,"5mg*30片",30,"84651270010385001519",30,1,"2026-1-7 4:57",
71,盐酸坦索罗辛缓释胶囊,"0.2mg*21粒",21,"84470890035554705882",14,1,"2026-1-7 4:57","2026-1-7 16:35"
72,盐酸坦索罗辛缓释胶囊,"0.2mg*21粒",21,"84470890035554549763",21,1,"2026-1-7 4:57",
73,盐酸坦索罗辛缓释胶囊,"0.2mg*21粒",21,"84470890035554864037",21,1,"2026-1-7 4:57",
74,盐酸坦索罗辛缓释胶囊,"0.2mg*21粒",21,"84470890035554225009",21,1,"2026-1-7 4:57",
75,盐酸坦索罗辛缓释胶囊,"0.2mg*21粒",21,"84470890035554380672",21,1,"2026-1-7 4:57",
76,盐酸坦索罗辛缓释胶囊,"0.2mg*21粒",21,"84470890035553908568",21,1,"2026-1-7 4:57",
77,盐酸坦索罗辛缓释胶囊,"0.2mg*21粒",21,"84470890035553741712",21,1,"2026-1-7 4:57",
78,盐酸坦索罗辛缓释胶囊,"0.2mg*21粒",21,"84470890035553583097",21,1,"2026-1-7 4:57",
79,盐酸坦索罗辛缓释胶囊,"0.2mg*21粒",21,"84470890035553420725",21,1,"2026-1-7 4:57",
80,盐酸坦索罗辛缓释胶囊,"0.2mg*21粒",21,"84470890035554064327",21,1,"2026-1-7 4:57",
81,螺内酯片,"20mg*100片",1000,"88080180006471653723",1000,1,"2026-1-7 4:58",
82,呋塞米片,"20mg*100片",100,"83510310788338475110",100,1,"2026-1-7 4:58",
83,呋塞米片,"20mg*100片",100,"83510310788338750561",100,1,"2026-1-7 4:58",
84,呋塞米片,"20mg*100片",100,"83510310788342111612",100,1,"2026-1-7 4:58",
85,呋塞米片,"20mg*100片",100,"83510310788342393279",100,1,"2026-1-7 4:58",
86,呋塞米片,"20mg*100片",100,"83510310788345753703",100,1,"2026-1-7 4:58",
87,呋塞米片,"20mg*100片",100,"83510310788345476128",100,1,"2026-1-7 4:58",
88,呋塞米片,"20mg*100片",100,"83510310786682830923",100,1,"2026-1-7 4:58",
89,呋塞米片,"20mg*100片",100,"83510310786683113604",100,1,"2026-1-7 4:58",
90,呋塞米片,"20mg*100片",100,"83510310786686478782",100,1,"2026-1-7 4:58",
91,呋塞米片,"20mg*100片",100,"83510310786686753656",100,1,"2026-1-7 4:58",
92,孟鲁司特钠片,"10mg*10片",10,"84525000058398385709",10,1,"2026-1-7 4:58",
93,孟鲁司特钠片,"10mg*10片",10,"84525000058399431171",10,1,"2026-1-7 4:58",
94,孟鲁司特钠片,"10mg*10片",10,"84525000058400485717",10,1,"2026-1-7 4:58",
95,孟鲁司特钠片,"10mg*10片",10,"84525000058401539706",10,1,"2026-1-7 4:58",
96,孟鲁司特钠片,"10mg*10片",10,"84525000058403632552",10,1,"2026-1-7 4:58",
97,孟鲁司特钠片,"10mg*10片",10,"84525000058432891904",10,1,"2026-1-7 4:58",
98,孟鲁司特钠片,"10mg*10片",10,"84525000058433943070",10,1,"2026-1-7 4:58",
99,孟鲁司特钠片,"10mg*10片",10,"84525000058434997413",10,1,"2026-1-7 4:58",
100,孟鲁司特钠片,"10mg*10片",10,"84525000058329113750",10,1,"2026-1-7 4:58",
101,孟鲁司特钠片,"10mg*10片",10,"84525000058402583299",10,1,"2026-1-7 4:58",
102,氯雷他定片,"10mg*10片",10,"81341970643864083322",5,1,"2026-1-7 5:00","2026-01-07 22:21:34"
103,氯雷他定片,"10mg*10片",10,"81341970648508784476",10,1,"2026-1-7 5:00",
104,氯雷他定片,"10mg*10片",10,"81341970643863933999",10,1,"2026-1-7 5:00",
105,氯雷他定片,"10mg*10片",10,"81341970643863781897",10,1,"2026-1-7 5:00",
106,氯雷他定片,"10mg*10片",10,"81341970643864231895",10,1,"2026-1-7 5:00",
107,氯雷他定片,"10mg*10片",10,"81341970643864384887",10,1,"2026-1-7 5:00",
108,氯雷他定片,"10mg*10片",10,"81341970643864986328",10,1,"2026-1-7 5:00",
109,氯雷他定片,"10mg*10片",10,"81341970643865134724",10,1,"2026-1-7 5:00",
110,氯雷他定片,"10mg*10片",10,"81341970639478526620",10,1,"2026-1-7 5:00",
111,氯雷他定片,"10mg*10片",10,"81341970639478672890",10,1,"2026-1-7 5:00",
112,硝苯地平片,"10mg*100片",100,"83422390124032524008",100,1,"2026-1-7 5:20",
113,咳特灵胶囊,"30粒/盒,1粒含小叶榕干浸膏360mg,马来酸氯苯那敏1.4mg",30,"81721220128600767256",15,1,"2026-1-7 5:21","2026-1-7 15:35"
114,"0.9%氯化钠注射液","250ml:2.25g直立式聚丙烯输液袋(双阀)",40,"81738400059647418287",37,1,"2026-1-7 5:23","2026-01-07 22:05:47"
115,"0.9%氯化钠注射液","500ml:4.5g直立式聚丙烯输液袋(双阀)",30,"81738410041174175553",30,1,"2026-1-7 5:24",
116,"5%葡萄糖注射液","500ml:25g直立式聚丙烯输液袋(双阀)",30,"81738330037141031709",30,1,"2026-1-7 5:24",
117,肝素钠注射液,"2ml:1.25万单位*10支",10,"83875460029235526635",9,1,"2026-1-7 5:33","2026-1-7 5:34"
118,肝素钠注射液,"2ml:1.25万单位*10支",10,"83875460029235406889",10,1,"2026-1-7 5:33",
119,地塞米松磷酸钠注射液,"5mg*1ml*10支",10,"81030365223517866367",9,1,"2026-1-7 5:33","2026-1-7 5:34"
120,地塞米松磷酸钠注射液,"5mg*1ml*10支",10,"81030365223464656112",10,1,"2026-1-7 5:33",
121,氯化钾注射液,"10ml:1.5g*50支",50,"84447110015331582368",50,1,"2026-1-7 5:37",
122,感冒清片,"0.22g*100片",100,"81645840434875296231",82,1,"2026-1-7 5:41","2026-01-07 18:28:25"
123,盐酸氨溴索注射液,"2ml:15mg*5支",5,"83878780691755965901",5,1,"2026-1-7 14:15",
124,盐酸氨溴索注射液,"2ml:15mg*5支",5,"83878780691756685375",5,1,"2026-1-7 14:15",
125,盐酸氨溴索注射液,"2ml:15mg*5支",5,"83878780691755242960",5,1,"2026-1-7 14:15",
126,盐酸氨溴索注射液,"2ml:15mg*5支",5,"83878780691754703255",5,1,"2026-1-7 14:15",
127,盐酸氨溴索注射液,"2ml:15mg*5支",5,"83878780691753800667",5,1,"2026-1-7 14:15",
128,盐酸氨溴索注射液,"2ml:15mg*5支",5,"83878780691753082887",5,1,"2026-1-7 14:15",
129,盐酸氨溴索注射液,"2ml:15mg*5支",5,"83878780691752365050",5,1,"2026-1-7 14:15",
130,盐酸氨溴索注射液,"2ml:15mg*5支",5,"83878780691751461745",5,1,"2026-1-7 14:15",
131,盐酸氨溴索注射液,"2ml:15mg*5支",5,"83878780691750745417",5,1,"2026-1-7 14:15",
132,盐酸氨溴索注射液,"2ml:15mg*5支",5,"83878780691750028555",5,1,"2026-1-7 14:15",
133,"50%葡萄糖注射液（塑料）","20ml:10g",50,"81531540298161019914",50,1,"2026-1-7 14:15",
134,甘露醇注射液,"50g*250ml直立式聚丙烯输液袋",40,"84107330015612580708",40,1,"2026-1-7 15:06",
135,复方氯化钠注射液(林格),"500ml直立式聚丙烯输液袋装",30,"81314470108388838900",28,1,"2026-1-7 15:07","2026-01-07 22:05:58"
136,葡萄糖氯化钠注射液,"500ml:25g:4.5g直立式聚丙烯输液袋装（双阀）",30,"81738300028799767763",30,1,"2026-1-7 15:09",
137,蒙脱石散,"3g*15袋",15,"81634910705624875776",15,1,"2026-1-7 15:10",
138,蒙脱石散,"3g*15袋",15,"81634910705624795830",15,1,"2026-1-7 15:10",
139,蒙脱石散,"3g*15袋",15,"81634910705624954208",15,1,"2026-1-7 15:10",
140,蒙脱石散,"3g*15袋",15,"81634910705627397525",15,1,"2026-1-7 15:10",
141,对乙酰氨基酚片,"0.5g*30片",30,"84394940049386153241",27,1,"2026-1-7 15:11","2026-01-07 22:05:34"
142,对乙酰氨基酚片,"0.5g*30片",30,"84394940049386307939",30,1,"2026-1-7 15:11",
143,对乙酰氨基酚片,"0.5g*30片",30,"84394940049386000717",30,1,"2026-1-7 15:11",
144,对乙酰氨基酚片,"0.5g*30片",30,"84394940049385850096",30,1,"2026-1-7 15:11",
145,对乙酰氨基酚片,"0.5g*30片",30,"84394940049385250804",30,1,"2026-1-7 15:11",
146,对乙酰氨基酚片,"0.5g*30片",30,"84394940049384954969",30,1,"2026-1-7 15:11",
147,对乙酰氨基酚片,"0.5g*30片",30,"84394940049384807763",30,1,"2026-1-7 15:11",
148,对乙酰氨基酚片,"0.5g*30片",30,"84394940049385101879",30,1,"2026-1-7 15:11",
149,对乙酰氨基酚片,"0.5g*30片",30,"84394940049407453882",30,1,"2026-1-7 15:11",
150,对乙酰氨基酚片,"0.5g*30片",30,"84394940049407303166",30,1,"2026-1-7 15:11",
151,布洛芬缓释胶囊,"0.3g*24粒/盒",24,"81346770491192696326",16,1,"2026-1-7 15:11","2026-01-07 18:28:53"
152,布洛芬缓释胶囊,"0.3g*24粒/盒",24,"81346770491192577041",24,1,"2026-1-7 15:11",
153,布洛芬缓释胶囊,"0.3g*24粒/盒",24,"81346770491193050758",24,1,"2026-1-7 15:11",
154,布洛芬缓释胶囊,"0.3g*24粒/盒",24,"81346770491193176777",24,1,"2026-1-7 15:11",
155,布洛芬缓释胶囊,"0.3g*24粒/盒",24,"81346770491193293686",24,1,"2026-1-7 15:11",
156,布洛芬缓释胶囊,"0.3g*24粒/盒",24,"81346770491193414997",24,1,"2026-1-7 15:11",
157,布洛芬缓释胶囊,"0.3g*24粒/盒",24,"81346770491193654846",24,1,"2026-1-7 15:11",
158,布洛芬缓释胶囊,"0.3g*24粒/盒",24,"81346770491193531089",24,1,"2026-1-7 15:11",
159,布洛芬缓释胶囊,"0.3g*24粒/盒",24,"81346770491192454033",24,1,"2026-1-7 15:11",
160,布洛芬缓释胶囊,"0.3g*24粒/盒",24,"81346770491192338374",24,1,"2026-1-7 15:11",
161,多潘立酮片,"10mg*30片",30,"81466100402556731082",15,1,"2026-1-7 15:11","2026-1-7 15:48"
162,多潘立酮片,"10mg*30片",30,"81466100402556550239",30,1,"2026-1-7 15:11",
163,多潘立酮片,"10mg*30片",30,"81466100402556379300",30,1,"2026-1-7 15:11",
164,多潘立酮片,"10mg*30片",30,"81466100402556193561",30,1,"2026-1-7 15:11",
165,多潘立酮片,"10mg*30片",30,"81466100402556016861",30,1,"2026-1-7 15:11",
166,多潘立酮片,"10mg*30片",30,"81466100402555475601",30,1,"2026-1-7 15:11",
167,多潘立酮片,"10mg*30片",30,"81466100402555296634",30,1,"2026-1-7 15:11",
168,多潘立酮片,"10mg*30片",30,"81466100402555113016",30,1,"2026-1-7 15:11",
169,多潘立酮片,"10mg*30片",30,"81466100402555650176",30,1,"2026-1-7 15:11",
170,多潘立酮片,"10mg*30片",30,"81466100402555833620",30,1,"2026-1-7 15:11",
171,奥美拉唑肠溶胶囊,"20mg*28粒",28,"83762221630317900160",0,0,"2026-1-7 15:12","2026-01-07 20:27:15"
172,奥美拉唑肠溶胶囊,"20mg*28粒",28,"83762221630318186493",0,0,"2026-1-7 15:12","2026-01-07 23:25:58"
173,奥美拉唑肠溶胶囊,"20mg*28粒",28,"83762221630316223173",24,1,"2026-1-7 15:12","2026-01-07 23:25:58"
174,奥美拉唑肠溶胶囊,"20mg*28粒",28,"83762221630316501498",28,1,"2026-1-7 15:12",
175,奥美拉唑肠溶胶囊,"20mg*28粒",28,"83762221630318461207",28,1,"2026-1-7 15:12",
176,奥美拉唑肠溶胶囊,"20mg*28粒",28,"83762221630316789948",28,1,"2026-1-7 15:12",
177,奥美拉唑肠溶胶囊,"20mg*28粒",28,"83762221630317625070",28,1,"2026-1-7 15:12",
178,奥美拉唑肠溶胶囊,"20mg*28粒",28,"83762221630317062591",28,1,"2026-1-7 15:12",
179,奥美拉唑肠溶胶囊,"20mg*28粒",28,"83762221630317344048",28,1,"2026-1-7 15:12",
180,奥美拉唑肠溶胶囊,"20mg*28粒",28,"83762221630318744777",28,1,"2026-1-7 15:12",
181,消旋山莨菪碱片,"5mg*100片",100,"83602650297955056308",100,1,"2026-1-7 15:12",
182,消旋山莨菪碱片,"5mg*100片",100,"83602650299692562634",100,1,"2026-1-7 15:12",
183,消旋山莨菪碱片,"5mg*100片",100,"83602650299594471459",100,1,"2026-1-7 15:12",
184,消旋山莨菪碱片,"5mg*100片",100,"83602650297946004804",100,1,"2026-1-7 15:12",
185,消旋山莨菪碱片,"5mg*100片",100,"83602650298630179937",100,1,"2026-1-7 15:12",
186,消旋山莨菪碱片,"5mg*100片",100,"83602650297937723911",100,1,"2026-1-7 15:12",
187,消旋山莨菪碱片,"5mg*100片",100,"83602650298618710349",100,1,"2026-1-7 15:12",
188,消旋山莨菪碱片,"5mg*100片",100,"83602650297959113379",100,1,"2026-1-7 15:12",
189,消旋山莨菪碱片,"5mg*100片",100,"83602650298613986600",100,1,"2026-1-7 15:12",
190,消旋山莨菪碱片,"5mg*100片",100,"83602650298337115733",100,1,"2026-1-7 15:12",
191,富马酸酮替芬片,"1mg*60片",60,"84665810035487195951",50,1,"2026-1-7 15:13","2026-01-07 22:05:32"
192,富马酸酮替芬片,"1mg*60片",60,"84665810035487313070",60,1,"2026-1-7 15:13",
193,富马酸酮替芬片,"1mg*60片",60,"84665810035487916926",60,1,"2026-1-7 15:13",
194,富马酸酮替芬片,"1mg*60片",60,"84665810035487075684",60,1,"2026-1-7 15:13",
195,富马酸酮替芬片,"1mg*60片",60,"84665810035487791501",60,1,"2026-1-7 15:13",
196,富马酸酮替芬片,"1mg*60片",60,"84665810035486952410",60,1,"2026-1-7 15:13",
197,富马酸酮替芬片,"1mg*60片",60,"84665810035487673033",60,1,"2026-1-7 15:13",
198,富马酸酮替芬片,"1mg*60片",60,"84665810035486833808",60,1,"2026-1-7 15:13",
199,富马酸酮替芬片,"1mg*60片",60,"84665810035487435338",60,1,"2026-1-7 15:13",
200,富马酸酮替芬片,"1mg*60片",60,"84665810035487554062",60,1,"2026-1-7 15:13",
201,醋酸泼尼松片,"5mg*1000片",1000,"81188980020864295342",1000,1,"2026-1-7 15:16",
202,复方胃蛋白酶颗粒,"10g*18袋",18,"83094070019444991467",3,1,"2026-1-7 15:47","2026-1-7 15:48"
203,复方胃蛋白酶颗粒,"10g*18袋",18,"83094070019599727835",18,1,"2026-1-7 15:47",
204,复方胃蛋白酶颗粒,"10g*18袋",18,"83094070020035489369",18,1,"2026-1-7 15:47",
205,复方胃蛋白酶颗粒,"10g*18袋",18,"83094070019437596333",18,1,"2026-1-7 15:47",
206,复方胃蛋白酶颗粒,"10g*18袋",18,"83094070019437675522",18,1,"2026-1-7 15:47",
207,盐酸氨溴索片,"30mg*20片",20,"84144451358536524727",20,1,"2026-1-7 15:47",
208,盐酸氨溴索片,"30mg*20片",20,"84144451358535961251",20,1,"2026-1-7 15:47",
209,盐酸氨溴索片,"30mg*20片",20,"84144451358536800882",20,1,"2026-1-7 15:47",
210,盐酸氨溴索片,"30mg*20片",20,"84144451358536244789",20,1,"2026-1-7 15:47",
211,盐酸氨溴索片,"30mg*20片",20,"84144451358535681008",20,1,"2026-1-7 15:47",
212,盐酸氨溴索片,"30mg*20片",20,"84144451358537083787",20,1,"2026-1-7 15:47",
213,盐酸氨溴索片,"30mg*20片",20,"84144451358535400589",20,1,"2026-1-7 15:47",
214,盐酸氨溴索片,"30mg*20片",20,"84144451358537642023",20,1,"2026-1-7 15:47",
215,盐酸氨溴索片,"30mg*20片",20,"84144451358537365036",20,1,"2026-1-7 15:47",
216,盐酸氨溴索片,"30mg*20片",20,"84144451358376229578",20,1,"2026-1-7 15:47",
217,枸橼酸喷托维林片,"25mg*100片",100,"84766480010678774749",100,1,"2026-1-7 15:58",
218,枸橼酸喷托维林片,"25mg*100片",100,"84766480010683393228",100,1,"2026-1-7 15:58",
219,枸橼酸喷托维林片,"25mg*100片",100,"84766480010679135969",100,1,"2026-1-7 15:58",
220,醋酸地塞米松片,"0.75mg*100片",1000,"81124270060437463869",1000,1,"2026-1-7 15:59",
221,硝苯地平缓释片(Ⅱ),"20mg*60片",60,"81592610349181842506",60,1,"2026-1-7 16:37",
222,硝苯地平缓释片(Ⅱ),"20mg*60片",60,"81592610349181967483",60,1,"2026-1-7 16:37",
223,硝苯地平缓释片(Ⅱ),"20mg*60片",60,"81592610349182085141",60,1,"2026-1-7 16:37",
224,硝苯地平缓释片(Ⅱ),"20mg*60片",60,"81592610348647606241",60,1,"2026-1-7 16:37",
225,硝苯地平缓释片(Ⅱ),"20mg*60片",60,"81592610348647484336",60,1,"2026-1-7 16:37",
226,硝苯地平缓释片(Ⅱ),"20mg*60片",60,"81592610349182203055",60,1,"2026-1-7 16:37",
227,硝苯地平缓释片(Ⅱ),"20mg*60片",60,"81592610349182441150",60,1,"2026-1-7 16:37",
228,硝苯地平缓释片(Ⅱ),"20mg*60片",60,"81592610349182328929",60,1,"2026-1-7 16:37",
229,硝苯地平缓释片(Ⅱ),"20mg*60片",60,"81592610349182565738",60,1,"2026-1-7 16:37",
230,硝苯地平缓释片(Ⅱ),"20mg*60片",60,"81592610349182680792",60,1,"2026-1-7 16:37",
231,琥珀酸美托洛尔缓释片,"47.5mg*28片",28,"84008960415008364184",28,1,"2026-1-7 16:38",
232,琥珀酸美托洛尔缓释片,"47.5mg*28片",28,"84008960415008518809",28,1,"2026-1-7 16:38",
233,琥珀酸美托洛尔缓释片,"47.5mg*28片",28,"84008960415008215071",28,1,"2026-1-7 16:38",
234,琥珀酸美托洛尔缓释片,"47.5mg*28片",28,"84008960415008063671",28,1,"2026-1-7 16:38",
235,琥珀酸美托洛尔缓释片,"47.5mg*28片",28,"84008960415007912158",28,1,"2026-1-7 16:38",
236,硫酸氢氯吡格雷片,"75mg*28片",28,"84292860085499316258",28,1,"2026-1-7 16:38",
237,硫酸氢氯吡格雷片,"75mg*28片",28,"84292860085499130670",28,1,"2026-1-7 16:38",
238,硫酸氢氯吡格雷片,"75mg*28片",28,"84292860085499677233",28,1,"2026-1-7 16:38",
239,硫酸氢氯吡格雷片,"75mg*28片",28,"84292860085499498031",28,1,"2026-1-7 16:38",
240,硫酸氢氯吡格雷片,"75mg*28片",28,"84292860085499854073",28,1,"2026-1-7 16:38",
241,酒石酸美托洛尔片,"25mg*40片",40,"84742090009437545327",40,1,"2026-1-7 16:39",
242,酒石酸美托洛尔片,"25mg*40片",40,"84742090009437428313",40,1,"2026-1-7 16:39",
243,酒石酸美托洛尔片,"25mg*40片",40,"84742090009437665897",40,1,"2026-1-7 16:39",
244,酒石酸美托洛尔片,"25mg*40片",40,"84742090009437785014",40,1,"2026-1-7 16:39",
245,酒石酸美托洛尔片,"25mg*40片",40,"84742090009437902473",40,1,"2026-1-7 16:39",
246,酒石酸美托洛尔片,"25mg*40片",40,"84742090009438025495",40,1,"2026-1-7 16:39",
247,酒石酸美托洛尔片,"25mg*40片",40,"84742090009438149718",40,1,"2026-1-7 16:39",
248,酒石酸美托洛尔片,"25mg*40片",40,"84742090009438267447",40,1,"2026-1-7 16:39",
249,阿托伐他汀钙片,"10mg*28片",28,"83652394316004560714",28,1,"2026-1-7 16:40",
250,阿托伐他汀钙片,"10mg*28片",28,"83652394316004385701",28,1,"2026-1-7 16:40",
251,阿托伐他汀钙片,"10mg*28片",28,"83652394315918643921",28,1,"2026-1-7 16:40",
252,阿司匹林肠溶片,"100mg*60片",60,"84618760214544719128",0,0,"2026-1-7 16:40","2026-01-07 22:02:38"
253,阿司匹林肠溶片,"100mg*60片",60,"84618760214543665699",30,1,"2026-1-7 16:40","2026-01-07 22:02:45"
254,阿司匹林肠溶片,"100mg*60片",60,"84618760214542610865",60,1,"2026-1-7 16:40",
255,阿司匹林肠溶片,"100mg*60片",60,"84618760214541566588",60,1,"2026-1-7 16:40",
256,阿司匹林肠溶片,"100mg*60片",60,"84618760214540516242",60,1,"2026-1-7 16:40",
257,阿司匹林肠溶片,"100mg*60片",60,"84618760214538204401",60,1,"2026-1-7 16:40",
258,阿司匹林肠溶片,"100mg*60片",60,"84618760214537152944",60,1,"2026-1-7 16:40",
259,阿司匹林肠溶片,"100mg*60片",60,"84618760214536100188",60,1,"2026-1-7 16:40",
260,阿司匹林肠溶片,"100mg*60片",60,"84618760214539255496",60,1,"2026-1-7 16:40",
261,阿司匹林肠溶片,"100mg*60片",60,"84618760214534841847",60,1,"2026-1-7 16:40",
262,依诺肝素钠注射液,"0.6ml：6000AXaIU/10支/盒",10,"84409080013995912661",10,1,"2026-1-7 16:48",
263,依诺肝素钠注射液,"0.6ml：6000AXaIU/10支/盒",10,"84409080013996755102",10,1,"2026-1-7 16:48",
264,依诺肝素钠注射液,"0.6ml：6000AXaIU/10支/盒",10,"84409080013996390523",10,1,"2026-1-7 16:48",
265,盐酸利多卡因注射液,"5ml:0.1g*5支",5,"83670840346155752752",4,1,"2026-1-7 16:48","2026-1-7 17:26"
266,盐酸利多卡因注射液,"5ml:0.1g*5支",5,"83670840346155935379",5,1,"2026-1-7 16:48",
267,盐酸利多卡因注射液,"5ml:0.1g*5支",5,"83670840346155576034",5,1,"2026-1-7 16:48",
268,盐酸利多卡因注射液,"5ml:0.1g*5支",5,"83670840346155399575",5,1,"2026-1-7 16:48",
269,盐酸利多卡因注射液,"5ml:0.1g*5支",5,"83670840346175195286",5,1,"2026-1-7 16:48",
270,盐酸利多卡因注射液,"5ml:0.1g*5支",5,"83670840346205432438",5,1,"2026-1-7 16:48",
271,盐酸利多卡因注射液,"5ml:0.1g*5支",5,"83670840346205070626",5,1,"2026-1-7 16:48",
272,盐酸利多卡因注射液,"5ml:0.1g*5支",5,"83670840346205250613",5,1,"2026-1-7 16:48",
273,盐酸利多卡因注射液,"5ml:0.1g*5支",5,"83670840346204892683",5,1,"2026-1-7 16:48",
274,盐酸利多卡因注射液,"5ml:0.1g*5支",5,"83670840346204716416",5,1,"2026-1-7 16:48",
275,铝碳酸镁咀嚼片,"0.5g*48片",48,"83577630569899480605",48,1,"2026-1-7 17:12",
276,铝碳酸镁咀嚼片,"0.5g*48片",48,"83577630569899632437",48,1,"2026-1-7 17:12",
277,铝碳酸镁咀嚼片,"0.5g*48片",48,"83577630569899933807",48,1,"2026-1-7 17:12",
278,铝碳酸镁咀嚼片,"0.5g*48片",48,"83577630569900088013",48,1,"2026-1-7 17:12",
279,铝碳酸镁咀嚼片,"0.5g*48片",48,"83577630569899787910",48,1,"2026-1-7 17:12",
280,铝碳酸镁咀嚼片,"0.5g*48片",48,"83577630569900232534",48,1,"2026-1-7 17:12",
281,铝碳酸镁咀嚼片,"0.5g*48片",48,"83577630569899339987",48,1,"2026-1-7 17:12",
282,铝碳酸镁咀嚼片,"0.5g*48片",48,"83577630569899184294",48,1,"2026-1-7 17:12",
283,硫糖铝咀嚼片,"0.25g*100片",100,"84745520001422693871",100,1,"2026-1-7 17:13",
284,硫糖铝咀嚼片,"0.25g*100片",100,"84745520001422815632",100,1,"2026-1-7 17:13",
285,硫糖铝咀嚼片,"0.25g*100片",100,"84745520001422931884",100,1,"2026-1-7 17:13",
286,硫糖铝混悬凝胶,"5ml:1g*18袋",18,"84086220123304102936",18,1,"2026-1-7 17:13",
287,硫糖铝混悬凝胶,"5ml:1g*18袋",18,"84086220123458308295",18,1,"2026-1-7 17:13",
288,硫糖铝混悬凝胶,"5ml:1g*18袋",18,"84086220123304067620",18,1,"2026-1-7 17:13",
289,硫糖铝混悬凝胶,"5ml:1g*18袋",18,"84086220123458265470",18,1,"2026-1-7 17:13",
290,琥珀酸索利那新片,"5mg*7片*2板",14,"83604460049021834740",7,1,"2026-01-07 18:32:19","2026-01-07 18:38:39"
291,琥珀酸索利那新片,"5mg*7片*2板",14,"83604460049127906158",14,1,"2026-01-07 18:32:19",
292,琥珀酸索利那新片,"5mg*7片*2板",14,"83604460049030684364",14,1,"2026-01-07 18:32:19",
293,琥珀酸索利那新片,"5mg*7片*2板",14,"83604460048996186138",14,1,"2026-01-07 18:32:19",
294,琥珀酸索利那新片,"5mg*7片*2板",14,"83604460049128801092",14,1,"2026-01-07 18:32:19",
295,琥珀酸索利那新片,"5mg*7片*2板",14,"83604460049091309928",14,1,"2026-01-07 18:32:19",
296,华法林钠片,"2.5mg*60片",60,"81491650589408763106",60,1,"2026-01-07 18:32:50",
297,洛索洛芬钠片,"60mg*20片",20,"83894260323142801007",0,0,"2026-01-07 18:33:54","2026-01-07 22:04:36"
298,洛索洛芬钠片,"60mg*20片",20,"83894260323142657161",19,1,"2026-01-07 18:33:54","2026-01-07 22:04:36"
299,洛索洛芬钠片,"60mg*20片",20,"83894260323142503222",20,1,"2026-01-07 18:33:54",
300,洛索洛芬钠片,"60mg*20片",20,"83894260323075712459",20,1,"2026-01-07 18:33:54",
301,洛索洛芬钠片,"60mg*20片",20,"83894260323075566364",20,1,"2026-01-07 18:33:54",
302,洛索洛芬钠片,"60mg*20片",20,"83894260323075268063",20,1,"2026-01-07 18:33:54",
303,洛索洛芬钠片,"60mg*20片",20,"83894260323075414697",20,1,"2026-01-07 18:33:54",
304,洛索洛芬钠片,"60mg*20片",20,"83894260322909764476",20,1,"2026-01-07 18:33:54",
305,洛索洛芬钠片,"60mg*20片",20,"83894260322909915624",20,1,"2026-01-07 18:33:54",
306,洛索洛芬钠片,"60mg*20片",20,"83894260322909617267",20,1,"2026-01-07 18:33:54",
307,洛芬待因缓释片,"0.2g:13mg*20片",20,"84042780577141531136",0,0,"2026-01-07 18:34:11","2026-01-07 22:02:51"
308,洛芬待因缓释片,"0.2g:13mg*20片",20,"84042780571652513949",12,1,"2026-01-07 18:34:11","2026-01-07 22:02:51"
309,洛芬待因缓释片,"0.2g:13mg*20片",20,"84042780577139530285",20,1,"2026-01-07 18:34:11",
310,洛芬待因缓释片,"0.2g:13mg*20片",20,"84042780578922305962",20,1,"2026-01-07 18:34:11",
311,盐酸替扎尼定片,"2mg*24片",24,"81523880220608099976",24,1,"2026-01-07 18:34:47",
312,盐酸替扎尼定片,"2mg*24片",24,"81523880220608273893",24,1,"2026-01-07 18:34:47",
313,盐酸替扎尼定片,"2mg*24片",24,"81523880220608458511",24,1,"2026-01-07 18:34:47",
314,盐酸替扎尼定片,"2mg*24片",24,"81523880220607918882",24,1,"2026-01-07 18:34:47",
315,盐酸替扎尼定片,"2mg*24片",24,"81523880220608634561",24,1,"2026-01-07 18:34:47",
316,盐酸替扎尼定片,"2mg*24片",24,"81523880220607372607",24,1,"2026-01-07 18:34:47",
317,盐酸替扎尼定片,"2mg*24片",24,"81523880220607191438",24,1,"2026-01-07 18:34:47",
318,盐酸替扎尼定片,"2mg*24片",24,"81523880220607012894",24,1,"2026-01-07 18:34:47",
319,盐酸替扎尼定片,"2mg*24片",24,"81523880220607732599",24,1,"2026-01-07 18:34:47",
320,盐酸替扎尼定片,"2mg*24片",24,"81523880220607552191",24,1,"2026-01-07 18:34:47",
321,碳酸氢钠片,"0.5g*100片",100,"81066381427630514820",85,1,"2026-01-07 18:36:52","2026-01-07 18:38:42"
322,碳酸氢钠片,"0.5g*100片",100,"81066381427630392125",100,1,"2026-01-07 18:36:52",
323,碳酸氢钠片,"0.5g*100片",100,"81066381427630751468",100,1,"2026-01-07 18:36:52",
324,碳酸氢钠片,"0.5g*100片",100,"81066381427630879175",100,1,"2026-01-07 18:36:52",
325,碳酸氢钠片,"0.5g*100片",100,"81066381427630632634",100,1,"2026-01-07 18:36:52",
326,马来酸氯苯那敏片,"4mg*100片",100,"84763160005691216439",100,1,"2026-01-07 18:37:07",
327,卡马西平片,"0.1g*100片",100,"83799440023203652453",100,1,"2026-01-07 18:37:20",
328,维生素B6片,"10mg*30片/板*3板/盒",90,"83717010132958560716",90,1,"2026-01-07 18:37:59",
329,注射用头孢呋辛钠,"0.75g",10,"84541410006520271336",10,1,"2026-01-07 18:39:15",
330,注射用头孢呋辛钠,"0.75g",10,"84541410006235428065",10,1,"2026-01-07 18:39:15",
331,注射用头孢曲松钠,"1g",10,"83920500092653374114",10,1,"2026-01-07 18:39:37",
332,注射用头孢曲松钠,"1g",10,"83920500092653310864",10,1,"2026-01-07 18:39:37",
333,注射用头孢他啶,"1g",10,"81560720006433479032",10,1,"2026-01-07 18:40:04",
334,注射用头孢他啶,"1g",10,"81560720006433232658",10,1,"2026-01-07 18:40:04",
335,注射用头孢唑林钠,"0.5g/10瓶",10,"81195430155475231392",10,1,"2026-01-07 18:40:23",
336,注射用头孢唑林钠,"0.5g/10瓶",10,"81195430153416197250",10,1,"2026-01-07 18:40:23",
337,注射用炎琥宁,"80mg",10,"81020160568048740921",10,1,"2026-01-07 18:56:29",
338,注射用炎琥宁,"80mg",10,"81020160568622357388",10,1,"2026-01-07 18:56:29",
339,注射用炎琥宁,"80mg",10,"81020160568051023342",10,1,"2026-01-07 18:56:29",
340,左氧氟沙星氯化钠注射液,"100ml:0.5g:0.9g",100,"84497980000865244294",100,1,"2026-01-07 18:57:46",
341,二羟丙茶碱注射液,"2ml:0.25g*10支",10,"81490550434417320873",7,1,"2026-01-07 18:59:56","2026-01-07 22:00:38"
342,二羟丙茶碱注射液,"2ml:0.25g*10支",10,"81490550434420006466",10,1,"2026-01-07 18:59:56",
343,二羟丙茶碱注射液,"2ml:0.25g*10支",10,"81490550434426417970",10,1,"2026-01-07 18:59:56",
344,二羟丙茶碱注射液,"2ml:0.25g*10支",10,"81490550434576950966",10,1,"2026-01-07 18:59:56",
345,二羟丙茶碱注射液,"2ml:0.25g*10支",10,"81490550434413004304",10,1,"2026-01-07 18:59:56",
346,二羟丙茶碱注射液,"2ml:0.25g*10支",10,"81490550434558241906",10,1,"2026-01-07 18:59:56",
347,二羟丙茶碱注射液,"2ml:0.25g*10支",10,"81490550435249900004",10,1,"2026-01-07 18:59:56",
348,二羟丙茶碱注射液,"2ml:0.25g*10支",10,"81490550434565220214",10,1,"2026-01-07 18:59:56",
349,二羟丙茶碱注射液,"2ml:0.25g*10支",10,"81490550435237465315",10,1,"2026-01-07 18:59:56",
350,二羟丙茶碱注射液,"2ml:0.25g*10支",10,"81490550435232350756",10,1,"2026-01-07 18:59:56",
351,"0.9%氯化钠注射液","100ml:0.9g直立式聚丙烯输液袋(双阀)",120,"83590670055822762121",116,1,"2026-01-07 21:32:45","2026-01-07 22:05:14"
352,左氧氟沙星氯化钠注射液,"100ml:0.5g:0.9g",100,"84497980000411205765",100,1,"2026-01-07 21:33:53",
353,破伤风抗毒素,"1500IU*0.75ml*10支",10,"81010540143600399384",9,1,"2026-01-07 21:34:52","2026-01-07 21:55:47"
354,破伤风抗毒素,"1500IU*0.75ml*10支",10,"81010540143551252300",10,1,"2026-01-07 21:34:52",
355,破伤风抗毒素,"1500IU*0.75ml*10支",10,"81010540143661318090",10,1,"2026-01-07 21:34:52",
356,破伤风抗毒素,"1500IU*0.75ml*10支",10,"81010540143679202873",10,1,"2026-01-07 21:34:52",
357,柴胡注射液,"2ml*10支",10,"81078450263661632534",10,1,"2026-01-07 21:35:44",
358,柴胡注射液,"2ml*10支",10,"81078450263892652883",10,1,"2026-01-07 21:35:44",
359,柴胡注射液,"2ml*10支",10,"81078450263888043165",10,1,"2026-01-07 21:35:44",
360,柴胡注射液,"2ml*10支",10,"81078450263651377366",10,1,"2026-01-07 21:35:44",
361,柴胡注射液,"2ml*10支",10,"81078450263891752516",10,1,"2026-01-07 21:35:44",
362,盐酸倍他司汀注射液,"2ml:10mg*10支/盒",10,"81688400261070646348",10,1,"2026-01-07 21:36:17",
363,盐酸倍他司汀注射液,"2ml:10mg*10支/盒",10,"81688400261070762982",10,1,"2026-01-07 21:36:17",
364,盐酸倍他司汀注射液,"2ml:10mg*10支/盒",10,"81688400261070526127",10,1,"2026-01-07 21:36:17",
365,盐酸倍他司汀注射液,"2ml:10mg*10支/盒",10,"81688400261070886961",10,1,"2026-01-07 21:36:17",
366,盐酸倍他司汀注射液,"2ml:10mg*10支/盒",10,"81688400261071006622",10,1,"2026-01-07 21:36:17",
367,盐酸消旋山莨菪碱注射液,"10mg*1ml*10支",10,"81041180700721804775",10,1,"2026-01-07 21:36:56",
368,维生素B12注射液,"1ml*0.5mg*10支",10,"84016520038925606266",10,1,"2026-01-07 21:37:24",
369,盐酸甲氧氯普胺注射液,"10mg*1ml*10支",10,"81022730468377020621",10,1,"2026-01-07 21:37:58",
370,复方氨林巴比妥注射液（安痛定）,"2ml:0.1g*10支/盒",10,"81604810378751274937",9,1,"2026-01-07 21:39:39","2026-01-07 22:05:22"
371,注射用奥美拉唑钠,"40mg（10瓶/盒）",10,"81808200044135340517",8,1,"2026-01-07 21:55:12","2026-01-07 22:02:33"
372,注射用奥美拉唑钠,"40mg（10瓶/盒）",10,"81808200044135264432",10,1,"2026-01-07 21:55:12",
373,注射用奥美拉唑钠,"40mg（10瓶/盒）",10,"81808200044202391025",10,1,"2026-01-07 21:55:12",
374,盐酸纳洛酮注射液,"1ml:0.4mg*10支",10,"84660610000201019339",6,1,"2026-01-07 21:59:38","2026-01-07 22:05:45"
375,盐酸纳洛酮注射液,"1ml:0.4mg*10支",10,"84660610000200538803",10,1,"2026-01-07 21:59:38",
376,盐酸纳洛酮注射液,"1ml:0.4mg*10支",10,"84660610000192251609",10,1,"2026-01-07 21:59:38",
377,盐酸纳洛酮注射液,"1ml:0.4mg*10支",10,"84660610000200774415",10,1,"2026-01-07 21:59:38",
378,注射用甲泼尼龙琥珀酸钠,"40mg*25支",25,"84489270019415515929",25,1,"2026-01-07 22:06:46",
379,注射用甲泼尼龙琥珀酸钠,"40mg*25支",25,"84489270018845330106",25,1,"2026-01-07 22:06:46",
380,螺内酯片,"20mg*100片",1000,"88080180006065047110",1000,1,"2026-01-07 23:21:51",
381,消炎利胆片,"0.25g*100片",100,"81063011196243326321",100,1,"2026-01-08 02:56:00",
382,消炎利胆片,"0.25g*100片",100,"81063011196243163737",100,1,"2026-01-08 02:56:00",
383,消炎利胆片,"0.25g*100片",100,"81063011196225728109",100,1,"2026-01-08 02:56:00",
384,消炎利胆片,"0.25g*100片",100,"81063011196243001921",100,1,"2026-01-08 02:56:00",
385,消炎利胆片,"0.25g*100片",100,"81063011196243966079",100,1,"2026-01-08 02:56:00",
386,消炎利胆片,"0.25g*100片",100,"81063011196243806445",100,1,"2026-01-08 02:56:00",
387,消炎利胆片,"0.25g*100片",100,"81063011196242840296",100,1,"2026-01-08 02:56:00",
388,消炎利胆片,"0.25g*100片",100,"81063011196243649265",100,1,"2026-01-08 02:56:00",
389,复方黄连素片,"100片",100,"81078760019315597329",100,1,"2026-01-08 02:56:41",
390,复方黄连素片,"100片",100,"81078760019324430509",100,1,"2026-01-08 02:56:41",
391,复方黄连素片,"100片",100,"81078760019326330672",100,1,"2026-01-08 02:56:41",
392,复方黄连素片,"100片",100,"81078760019328553523",100,1,"2026-01-08 02:56:41",
393,复方黄连素片,"100片",100,"81078760019328390560",100,1,"2026-01-08 02:56:41",
394,间苯三酚注射液,"4ml:40mg(6支/盒)",6,"84515590037641996320",6,1,"2026-01-08 02:57:29",
395,间苯三酚注射液,"4ml:40mg(6支/盒)",6,"84515590037641892184",6,1,"2026-01-08 02:57:29",
396,间苯三酚注射液,"4ml:40mg(6支/盒)",6,"84515590037641790305",6,1,"2026-01-08 02:57:29",
397,间苯三酚注射液,"4ml:40mg(6支/盒)",6,"84515590037642093514",6,1,"2026-01-08 02:57:29",
398,间苯三酚注射液,"4ml:40mg(6支/盒)",6,"84515590037641698511",6,1,"2026-01-08 02:57:29",
399,甲磺酸倍他司汀片,"6mg*100片",100,"84591690008340472783",100,1,"2026-01-08 05:09:15",
400,甲磺酸倍他司汀片,"6mg*100片",100,"84591690009428190954",100,1,"2026-01-08 05:09:15",
401,甲磺酸倍他司汀片,"6mg*100片",100,"84591690009405032161",100,1,"2026-01-08 05:09:59",
402,开塞露,"20ml",20,"83728130298770862446",20,1,"2026-01-08 07:50:39",
