"txn_id","client_id","drug_id","spec","req_qty","status","created_at","committed_at","note"
"20260107133425_27028",DESKTOP-O20Q6F9,肝素钠注射液,"2ml:1.25万单位*10支",1,COMMITTED,"2026-01-07 05:34:25","2026-01-07 05:34:26",
"20260107133431_49684",DESKTOP-O20Q6F9,地塞米松磷酸钠注射液,"5mg*1ml*10支",1,COMMITTED,"2026-01-07 05:34:31","2026-01-07 05:34:31",
"20260107152127_27728",ZYY-PC,盐酸氨基葡萄糖胶囊,"0.75g*60粒",20,ROLLED_BACK,"2026-01-07 15:21:28",,
"20260107152326_18150",ZYY-PC,盐酸氨基葡萄糖胶囊,"0.75g*60粒",20,ROLLED_BACK,"2026-01-07 15:23:26",,
"20260107152333_22402",ZYY-PC,塞来昔布胶囊,"0.2g*30粒",10,ROLLED_BACK,"2026-01-07 15:23:33",,
"20260107152336_57646",ZYY-PC,盐酸氨基葡萄糖胶囊,"0.75g*60粒",20,ROLLED_BACK,"2026-01-07 15:23:36",,
"20260107152351_46465",ZYY-PC,盐酸氨基葡萄糖胶囊,"0.75g*60粒",20,ROLLED_BACK,"2026-01-07 15:23:51",,
"20260107153550_51836",DESKTOP-O20Q6F9,咳特灵胶囊,"30粒/盒,1粒含小叶榕干浸膏360mg,马来酸氯苯那敏1.4mg",15,COMMITTED,"2026-01-07 15:35:50","2026-01-07 07:35:51",
"20260107154819_26484",DESKTOP-O20Q6F9,奥美拉唑肠溶胶囊,"20mg*28粒",10,COMMITTED,"2026-01-07 15:48:19","2026-01-07 07:48:19",
"20260107154827_32792",DESKTOP-O20Q6F9,多潘立酮片,"10mg*30片",15,COMMITTED,"2026-01-07 15:48:27","2026-01-07 07:48:27",
"20260107154832_34622",DESKTOP-O20Q6F9,复方胃蛋白酶颗粒,"10g*18袋",15,COMMITTED,"2026-01-07 15:48:32","2026-01-07 07:48:32",
"20260107160216_17354",DESKTOP-O20Q6F9,奥美拉唑肠溶胶囊,"20mg*28粒",14,COMMITTED,"2026-01-07 16:02:16","2026-01-07 08:02:16",
"20260107162702_87000",DESKTOP-O20Q6F9,非那雄胺片,"5mg*30片",7,ROLLED_BACK,"2026-01-07 16:27:02",,
"20260107163523_68002",DESKTOP-O20Q6F9,非那雄胺片,"5mg*30片",7,COMMITTED,"2026-01-07 16:35:23","2026-01-07 08:35:24",
"20260107163527_82691",DESKTOP-O20Q6F9,盐酸坦索罗辛缓释胶囊,"0.2mg*21粒",7,COMMITTED,"2026-01-07 16:35:27","2026-01-07 08:35:27",
"20260107172628_54237",ZYY-PC,盐酸氨基葡萄糖胶囊,"0.75g*60粒",20,COMMITTED,"2026-01-07 17:26:28","2026-01-07 09:26:29",
"20260107172632_20257",ZYY-PC,塞来昔布胶囊,"0.2g*30粒",10,COMMITTED,"2026-01-07 17:26:32","2026-01-07 09:26:33",
"20260107172644_21253",ZYY-PC,盐酸利多卡因注射液,"5ml:0.1g*5支",1,COMMITTED,"2026-01-07 17:26:44","2026-01-07 09:26:45",
"20260107172652_56073",ZYY-PC,富马酸酮替芬片,"1mg*60片",4,COMMITTED,"2026-01-07 17:26:52","2026-01-07 09:26:53",
"20260107172659_35107",ZYY-PC,"0.9%氯化钠注射液","250ml:2.25g直立式聚丙烯输液袋(双阀)",1,COMMITTED,"2026-01-07 17:26:59","2026-01-07 09:27:00",
"20260107172715_17858",ZYY-PC,"0.9%氯化钠注射液","250ml:2.25g直立式聚丙烯输液袋(双阀)",1,ROLLED_BACK,"2026-01-07 17:27:15",,
"20260107182825_89505",DESKTOP-O20Q6F9,感冒清片,"0.22g*100片",18,COMMITTED,"2026-01-07 18:28:25","2026-01-07 10:28:25",
"20260107182853_13030",DESKTOP-O20Q6F9,布洛芬缓释胶囊,"0.3g*24粒/盒",8,COMMITTED,"2026-01-07 18:28:53","2026-01-07 10:28:53",
"20260107183839_98544",DESKTOP-O20Q6F9,琥珀酸索利那新片,"5mg*7片*2板",7,COMMITTED,"2026-01-07 18:38:39","2026-01-07 10:38:39",
"20260107183842_52259",DESKTOP-O20Q6F9,碳酸氢钠片,"0.5g*100片",15,COMMITTED,"2026-01-07 18:38:42","2026-01-07 10:38:42",
"20260107184205_52709",DESKTOP-O20Q6F9,阿司匹林肠溶片,"100mg*60片",30,COMMITTED,"2026-01-07 18:42:05","2026-01-07 10:42:05",
"20260107202714_50088",ZYY-PC,奥美拉唑肠溶胶囊,"20mg*28粒",6,PENDING,"2026-01-07 20:27:15",,
"20260107205707_28510",ZYY-PC,"0.9%氯化钠注射液","250ml:2.25g直立式聚丙烯输液袋(双阀)",1,COMMITTED,"2026-01-07 20:57:08","2026-01-07 20:57:09",
"20260107215547_14280",ZYY-PC,破伤风抗毒素,"1500IU*0.75ml*10支",1,COMMITTED,"2026-01-07 21:55:47","2026-01-07 21:55:48",
"20260107215555_70443",ZYY-PC,二羟丙茶碱注射液,"2ml:0.25g*10支",1,COMMITTED,"2026-01-07 21:55:55","2026-01-07 21:55:56",
"20260107215605_63358",ZYY-PC,"0.9%氯化钠注射液","100ml:0.9g直立式聚丙烯输液袋(双阀)",1,COMMITTED,"2026-01-07 21:56:05","2026-01-07 21:56:06",
"20260107220027_36114",ZYY-PC,注射用奥美拉唑钠,"40mg（10瓶/盒）",1,COMMITTED,"2026-01-07 22:00:27","2026-01-07 22:00:28",
"20260107220033_79359",ZYY-PC,"0.9%氯化钠注射液","100ml:0.9g直立式聚丙烯输液袋(双阀)",1,COMMITTED,"2026-01-07 22:00:33","2026-01-07 22:00:34",
"20260107220038_65122",ZYY-PC,二羟丙茶碱注射液,"2ml:0.25g*10支",2,COMMITTED,"2026-01-07 22:00:38","2026-01-07 22:00:39",
"20260107220044_23973",ZYY-PC,"0.9%氯化钠注射液","100ml:0.9g直立式聚丙烯输液袋(双阀)",1,COMMITTED,"2026-01-07 22:00:44","2026-01-07 22:00:45",
"20260107220049_77210",ZYY-PC,"0.9%氯化钠注射液","100ml:0.9g直立式聚丙烯输液袋(双阀)",1,COMMITTED,"2026-01-07 22:00:49","2026-01-07 22:00:50",
"20260107220220_13496",ZYY-PC,盐酸纳洛酮注射液,"1ml:0.4mg*10支",1,COMMITTED,"2026-01-07 22:02:20","2026-01-07 22:02:21",
"20260107220226_19786",ZYY-PC,盐酸纳洛酮注射液,"1ml:0.4mg*10支",1,COMMITTED,"2026-01-07 22:02:26","2026-01-07 22:02:28",
"20260107220233_56213",ZYY-PC,注射用奥美拉唑钠,"40mg（10瓶/盒）",1,COMMITTED,"2026-01-07 22:02:33","2026-01-07 22:02:34",
"20260107220238_58374",ZYY-PC,阿司匹林肠溶片,"100mg*60片",30,COMMITTED,"2026-01-07 22:02:38","2026-01-07 22:02:39",
"20260107220245_39768",ZYY-PC,阿司匹林肠溶片,"100mg*60片",30,COMMITTED,"2026-01-07 22:02:45","2026-01-07 22:02:46",
"20260107220251_32480",ZYY-PC,洛芬待因缓释片,"0.2g:13mg*20片",28,PENDING,"2026-01-07 22:02:51",,
"20260107220435_26565",ZYY-PC,洛索洛芬钠片,"60mg*20片",21,PENDING,"2026-01-07 22:04:36",,
"20260107220507_68441",ZYY-PC,"0.9%氯化钠注射液","100ml:0.9g直立式聚丙烯输液袋(双阀)",1,ROLLED_BACK,"2026-01-07 22:05:08",,
"20260107220522_41611",ZYY-PC,复方氨林巴比妥注射液（安痛定）,"2ml:0.1g*10支/盒",1,COMMITTED,"2026-01-07 22:05:22","2026-01-07 22:05:23",
"20260107220532_94816",ZYY-PC,富马酸酮替芬片,"1mg*60片",6,COMMITTED,"2026-01-07 22:05:32","2026-01-07 22:05:33",
"20260107220534_72739",ZYY-PC,对乙酰氨基酚片,"0.5g*30片",3,COMMITTED,"2026-01-07 22:05:34","2026-01-07 22:05:36",
"20260107220540_64956",ZYY-PC,盐酸纳洛酮注射液,"1ml:0.4mg*10支",1,COMMITTED,"2026-01-07 22:05:40","2026-01-07 22:05:41",
"20260107220545_21598",ZYY-PC,盐酸纳洛酮注射液,"1ml:0.4mg*10支",1,COMMITTED,"2026-01-07 22:05:45","2026-01-07 22:05:46",
"20260107220547_67162",ZYY-PC,"0.9%氯化钠注射液","250ml:2.25g直立式聚丙烯输液袋(双阀)",1,COMMITTED,"2026-01-07 22:05:47","2026-01-07 22:05:48",
"20260107220553_78313",ZYY-PC,复方氯化钠注射液(林格),"500ml直立式聚丙烯输液袋装",1,COMMITTED,"2026-01-07 22:05:53","2026-01-07 22:05:54",
"20260107220558_78601",ZYY-PC,复方氯化钠注射液(林格),"500ml直立式聚丙烯输液袋装",1,COMMITTED,"2026-01-07 22:05:58","2026-01-07 22:05:59",
"20260107222134_30875",DESKTOP-O20Q6F9,氯雷他定片,"10mg*10片",5,COMMITTED,"2026-01-07 22:21:34","2026-01-07 22:21:35",
"20260107232520_62887",DESKTOP-O20Q6F9,奥美拉唑肠溶胶囊,"20mg*28粒",10,COMMITTED,"2026-01-07 23:25:20","2026-01-07 23:25:21",
"20260107232532_55009",DESKTOP-O20Q6F9,奥美拉唑肠溶胶囊,"20mg*28粒",10,COMMITTED,"2026-01-07 23:25:32","2026-01-07 23:25:33",
"20260107232558_25697",DESKTOP-O20Q6F9,奥美拉唑肠溶胶囊,"20mg*28粒",10,COMMITTED,"2026-01-07 23:25:58","2026-01-07 23:25:59",
